Entry	Reviewed	Entry Name	Protein names	Gene Names	Organism	Length	Tissue specificity	PDB	Transmembrane	Subcellular location [CC]
O00182	reviewed	LEG9_HUMAN	Galectin-9 (Gal-9) (Ecalectin) (Tumor antigen HOM-HD-21)	LGALS9	Homo sapiens (Human)	355	TISSUE SPECIFICITY: Peripheral blood leukocytes and lymphatic tissues. Expressed in lung, liver, breast and kidney with higher levels in tumor endothelial cells than normal endothelium (at protein level) (PubMed:24333696). Expressed in trophoblast cells in decidua and placenta in pregnancy (at protein level) (PubMed:23242525, PubMed:25578313). Isoform 2 is the most abundant isoform expressed in endothelial cells (PubMed:24333696). Upon endothelial cell activation isoform 2 expression decreases while expression of isoform 3 and isoform 5 increases (PubMed:24333696). Isoform 4 decreases in pathological pregnancy (PubMed:23242525). {ECO:0000269|PubMed:23242525, ECO:0000269|PubMed:24333696, ECO:0000269|PubMed:25578313}.	2EAK;2EAL;2YY1;2ZHK;2ZHL;2ZHM;2ZHN;3LSD;3LSE;3NV1;3NV2;3NV3;3NV4;3WLU;3WV6;		SUBCELLULAR LOCATION: Cytoplasm {ECO:0000269|PubMed:23242525}. Nucleus {ECO:0000269|PubMed:23242525}. Secreted {ECO:0000269|PubMed:23817958, ECO:0000269|PubMed:25578313}. Note=May also be secreted by a non-classical secretory pathway (By similarity). Secreted by mesenchymal stromal cells upon IFNG stimulation (PubMed:23817958). {ECO:0000250|UniProtKB:O08573, ECO:0000269|PubMed:23817958}.; SUBCELLULAR LOCATION: [Isoform 2]: Secreted {ECO:0000269|PubMed:24333696}.; SUBCELLULAR LOCATION: [Isoform 3]: Secreted {ECO:0000269|PubMed:24333696}.
O00626	reviewed	CCL22_HUMAN	C-C motif chemokine 22 (CC chemokine STCP-1) (MDC(1-69)) (Macrophage-derived chemokine) (Small-inducible cytokine A22) (Stimulated T-cell chemotactic protein 1) [Cleaved into: MDC(3-69); MDC(5-69); MDC(7-69)]	CCL22 MDC SCYA22 A-152E5.1	Homo sapiens (Human)	93	TISSUE SPECIFICITY: Highly expressed in macrophage and in monocyte-derived dendritic cells, and thymus. Also found in lymph node, appendix, activated monocytes, resting and activated macrophages. Lower expression in lung and spleen. Very weak expression in small intestine. In lymph node expressed in a mature subset of Langerhans' cells (CD1a+ and CD83+). Expressed in Langerhans' cell histiocytosis but not in dermatopathic lymphadenopathy. Expressed in atopic dermatitis, allergic contact dermatitis skin, and psoriasis, in both the epidermis and dermis. {ECO:0000269|PubMed:11241286}.			SUBCELLULAR LOCATION: Secreted.
O15204	reviewed	ADEC1_HUMAN	ADAM DEC1 (EC 3.4.24.-) (A disintegrin and metalloproteinase domain-like protein decysin-1) (ADAM-like protein decysin-1)	ADAMDEC1	Homo sapiens (Human)	470	TISSUE SPECIFICITY: Expressed highly in the small intestine and appendix, moderately in lymph node, mucosal lining of the colon, thymus, spleen and very weakly in the bone marrow. Predominantly expressed in dendritic cells (DC) of the germinal center. Weakly expressed in monocyte and highly expressed in macrophage. Absent in immature DC. {ECO:0000269|PubMed:14632642, ECO:0000269|PubMed:9271581}.			SUBCELLULAR LOCATION: Secreted {ECO:0000250}.
O95171	reviewed	SCEL_HUMAN	Sciellin	SCEL	Homo sapiens (Human)	688	TISSUE SPECIFICITY: Highly expressed in esophagus. It is also expressed in keratinocytes, amniotic tissue, foreskin stratum spinosum and stratum granulosum, hair follicle and nail.			SUBCELLULAR LOCATION: Cytoplasm. Membrane. Note=May become cross-linked to membrane proteins by transglutaminase.
P13501	reviewed	CCL5_HUMAN	C-C motif chemokine 5 (EoCP) (Eosinophil chemotactic cytokine) (SIS-delta) (Small-inducible cytokine A5) (T cell-specific protein P228) (TCP228) (T-cell-specific protein RANTES) [Cleaved into: RANTES(3-68); RANTES(4-68)]	CCL5 D17S136E SCYA5	Homo sapiens (Human)	91	TISSUE SPECIFICITY: Expressed in the follicular fluid (at protein level). T-cell and macrophage specific. {ECO:0000269|PubMed:23765988, ECO:0000269|PubMed:2456327}.	1B3A;1EQT;1HRJ;1RTN;1RTO;1U4L;1U4M;1U4P;1U4R;2L9H;2VXW;5CMD;5COY;5DNF;5L2U;5UIW;6AEZ;6C6D;6FGP;6LOG;6STK;7F1R;7O7F;		SUBCELLULAR LOCATION: Secreted.
P17693	reviewed	HLAG_HUMAN	HLA class I histocompatibility antigen, alpha chain G (HLA G antigen) (MHC class I antigen G) [Cleaved into: Soluble HLA class I histocompatibility antigen, alpha chain G (sHLA-G)]	HLA-G HLA-6.0 HLAG	Homo sapiens (Human)	338	TISSUE SPECIFICITY: Expressed in adult eye (PubMed:1570318). Expressed in immune cell subsets including monocytes, myeloid and plasmacytoid dendritic cells and regulatory T cells (Tr1)(at protein level) (PubMed:20448110). Secreted by follicular dendritic cell and follicular helper T cells (PubMed:24453251).; TISSUE SPECIFICITY: [Isoform 5]: Detected in physiological fluids including amniotic fluid and serum. {ECO:0000269|PubMed:11137219}.; TISSUE SPECIFICITY: [Isoform 7]: Expressed in placenta, amniotic membrane, skin, cord blood and peripheral blood mononuclear cells. {ECO:0000269|PubMed:11137219}.	1YDP;2D31;2DYP;3BZE;3CDG;3CII;3KYN;3KYO;6AEE;6K60;	"TRANSMEM 309..332; /note=""Helical""; /evidence=""ECO:0000255"""	SUBCELLULAR LOCATION: [Isoform 1]: Cell membrane {ECO:0000269|PubMed:20448110, ECO:0000269|PubMed:7584149}; Single-pass type I membrane protein {ECO:0000255}. Endoplasmic reticulum membrane {ECO:0000269|PubMed:11520457}. Early endosome membrane {ECO:0000269|PubMed:16366734}.; SUBCELLULAR LOCATION: [Soluble HLA class I histocompatibility antigen, alpha chain G]: Secreted {ECO:0000269|PubMed:23737137}.; SUBCELLULAR LOCATION: [Isoform 2]: Cell membrane {ECO:0000269|PubMed:11290782}; Single-pass type I membrane protein {ECO:0000255}.; SUBCELLULAR LOCATION: [Isoform 3]: Cell membrane {ECO:0000269|PubMed:11290782}; Single-pass type I membrane protein {ECO:0000255}.; SUBCELLULAR LOCATION: [Isoform 4]: Cell membrane {ECO:0000269|PubMed:11290782}; Single-pass type I membrane protein {ECO:0000255}.; SUBCELLULAR LOCATION: [Isoform 5]: Secreted {ECO:0000269|PubMed:11137219, ECO:0000269|PubMed:7558941, ECO:0000269|PubMed:7584149, ECO:0000269|PubMed:7989753}. Early endosome {ECO:0000269|PubMed:16366734}.; SUBCELLULAR LOCATION: [Isoform 6]: Secreted {ECO:0000269|PubMed:7989753}.; SUBCELLULAR LOCATION: [Isoform 7]: Secreted {ECO:0000269|PubMed:11137219}.; SUBCELLULAR LOCATION: Cell projection, filopodium membrane {ECO:0000269|PubMed:26460007}. Note=HLA-G trogocytosis from extravillous trophoblast's filopodia occurs in the majority of decidual NK cells. {ECO:0000269|PubMed:26460007}.
P19320	reviewed	VCAM1_HUMAN	Vascular cell adhesion protein 1 (V-CAM 1) (VCAM-1) (INCAM-100) (CD antigen CD106) [Cleaved into: Soluble Vascular Cell Adhesion Molecule-1]	VCAM1	Homo sapiens (Human)	739	TISSUE SPECIFICITY: Expressed on inflamed vascular endothelium, as well as on macrophage-like and dendritic cell types in both normal and inflamed tissue.	1IJ9;1VCA;1VSC;	"TRANSMEM 699..720; /note=""Helical""; /evidence=""ECO:0000255"""	SUBCELLULAR LOCATION: [Vascular cell adhesion protein 1]: Cell membrane {ECO:0000305|PubMed:12878595}; Single-pass type I membrane protein.; SUBCELLULAR LOCATION: [Soluble Vascular Cell Adhesion Molecule-1]: Secreted {ECO:0000269|PubMed:12878595, ECO:0000269|PubMed:36127634}.
P20396	reviewed	TRH_HUMAN	Pro-thyrotropin-releasing hormone (Pro-TRH) (Prothyroliberin) [Cleaved into: Thyrotropin-releasing hormone (TRH) (Protirelin) (TSH-releasing factor) (Thyroliberin) (Thyrotropin-releasing factor) (TRF)]	TRH	Homo sapiens (Human)	242	TISSUE SPECIFICITY: Hypothalamus. Expressed in the hair follicle epithelium (at protein level). {ECO:0000269|PubMed:19825978}.			SUBCELLULAR LOCATION: Secreted.
P36888	reviewed	FLT3_HUMAN	Receptor-type tyrosine-protein kinase FLT3 (EC 2.7.10.1) (FL cytokine receptor) (Fetal liver kinase-2) (FLK-2) (Fms-like tyrosine kinase 3) (FLT-3) (Stem cell tyrosine kinase 1) (STK-1) (CD antigen CD135)	FLT3 CD135 FLK2 STK1	Homo sapiens (Human)	993	TISSUE SPECIFICITY: Detected in bone marrow, in hematopoietic stem cells, in myeloid progenitor cells and in granulocyte/macrophage progenitor cells (at protein level). Detected in bone marrow, liver, thymus, spleen and lymph node, and at low levels in kidney and pancreas. Highly expressed in T-cell leukemia. {ECO:0000269|PubMed:18490735, ECO:0000269|PubMed:7507245, ECO:0000269|PubMed:8394751, ECO:0000269|PubMed:8637232}.	1RJB;3QS7;3QS9;4RT7;4XUF;5X02;6IL3;6JQR;7QDP;7ZV9;	"TRANSMEM 544..563; /note=""Helical""; /evidence=""ECO:0000255"""	SUBCELLULAR LOCATION: Membrane; Single-pass type I membrane protein. Endoplasmic reticulum lumen. Note=Constitutively activated mutant forms with internal tandem duplications are less efficiently transported to the cell surface and a significant proportion is retained in an immature form in the endoplasmic reticulum lumen. The activated kinase is rapidly targeted for degradation.
P55774	reviewed	CCL18_HUMAN	C-C motif chemokine 18 (Alternative macrophage activation-associated CC chemokine 1) (AMAC-1) (CC chemokine PARC) (Dendritic cell chemokine 1) (DC-CK1) (Macrophage inflammatory protein 4) (MIP-4) (Pulmonary and activation-regulated chemokine) (Small-inducible cytokine A18) [Cleaved into: CCL18(1-68); CCL18(3-69); CCL18(4-69)]	CCL18 AMAC1 DCCK1 MIP4 PARC SCYA18	Homo sapiens (Human)	89	TISSUE SPECIFICITY: Expressed at high levels in lung, lymph nodes, placenta, bone marrow, dendritic cells present in germinal centers and T-cell areas of secondary lymphoid organs and macrophages derived from peripheral blood monocytes. Not expressed by peripheral blood monocytes and a monocyte-to-macrophage differentiation is a prerequisite for expression. Expressed in synovial fluids from patients with rheumatoid and septic arthritis and in ovarian carcinoma ascitic fluid. {ECO:0000269|PubMed:11745396}.	4MHE;		SUBCELLULAR LOCATION: Secreted.
P81605	reviewed	DCD_HUMAN	Dermcidin (EC 3.4.-.-) (Preproteolysin) [Cleaved into: Survival-promoting peptide; DCD-1]	DCD AIDD DSEP	Homo sapiens (Human)	110	TISSUE SPECIFICITY: Detected in urine (at protein level) (PubMed:25326458, PubMed:36213313, PubMed:37453717). Constitutively expressed in eccrine sweat gland cells (at protein level). Secreted into the sweat at a concentration of 1-10 micrograms/ml. {ECO:0000269|PubMed:11694882, ECO:0000269|PubMed:25326458, ECO:0000269|PubMed:36213313, ECO:0000269|PubMed:37453717}.	2KSG;2NDK;2YMK;6SHK;	"TRANSMEM 64..108; /note=""Helical""; /evidence=""ECO:0000305|PubMed:23426625"""	SUBCELLULAR LOCATION: Secreted {ECO:0000269|PubMed:11694882, ECO:0000269|PubMed:15340161, ECO:0000269|PubMed:25326458, ECO:0000269|PubMed:25946035, ECO:0000269|PubMed:36213313, ECO:0000269|PubMed:37453717, ECO:0000269|PubMed:9736629}.; SUBCELLULAR LOCATION: [Survival-promoting peptide]: Secreted {ECO:0000269|PubMed:9736629}.; SUBCELLULAR LOCATION: [DCD-1]: Secreted {ECO:0000305|PubMed:23426625}. Membrane {ECO:0000269|PubMed:23426625}; Peripheral membrane protein {ECO:0000269|PubMed:23426625}. Membrane {ECO:0000269|PubMed:23426625}; Single-pass membrane protein {ECO:0000269|PubMed:23426625}. Note=The secreted peptide assembles into homohexameric complexes that can probably associate with pathogen membranes and also insert into these membranes where they behave as channels. {ECO:0000269|PubMed:23426625}.
Q07092	reviewed	COGA1_HUMAN	Collagen alpha-1(XVI) chain	COL16A1 FP1572	Homo sapiens (Human)	1604	TISSUE SPECIFICITY: In papillary dermis, is a component of specialized fibrillin-1-containing microfibrils, whereas in territorial cartilage matrix, it is localized to a discrete population of thin, weakly banded collagen fibrils in association with other collagens (at protein level). In the placenta, where it is found in the amnion, a membranous tissue lining the amniotic cavity. Within the amnion, it is found in an acellular, relatively dense layer of a complex network of reticular fibers. Also located to a fibroblast layer beneath this dense layer. Exists in tissues in association with other types of collagen. {ECO:0000269|PubMed:12782140}.			SUBCELLULAR LOCATION: Secreted, extracellular space, extracellular matrix {ECO:0000269|PubMed:9022684}.
Q12884	reviewed	SEPR_HUMAN	Prolyl endopeptidase FAP (EC 3.4.21.26) (170 kDa melanoma membrane-bound gelatinase) (Dipeptidyl peptidase FAP) (EC 3.4.14.5) (Fibroblast activation protein alpha) (FAPalpha) (Gelatine degradation protease FAP) (EC 3.4.21.-) (Integral membrane serine protease) (Post-proline cleaving enzyme) (Serine integral membrane protease) (SIMP) (Surface-expressed protease) (Seprase) [Cleaved into: Antiplasmin-cleaving enzyme FAP, soluble form (APCE) (EC 3.4.14.5) (EC 3.4.21.-) (EC 3.4.21.26)]	FAP	Homo sapiens (Human)	760	TISSUE SPECIFICITY: Expressed in adipose tissue. Expressed in the dermal fibroblasts in the fetal skin. Expressed in the granulation tissue of healing wounds and on reactive stromal fibroblast in epithelial cancers. Expressed in activated fibroblast-like synoviocytes from inflamed synovial tissues. Expressed in activated hepatic stellate cells (HSC) and myofibroblasts from cirrhotic liver, but not detected in normal liver. Expressed in glioma cells (at protein level). Expressed in glioblastomas and glioma cells. Isoform 1 and isoform 2 are expressed in melanoma, carcinoma and fibroblast cell lines. {ECO:0000269|PubMed:10347120, ECO:0000269|PubMed:10593948, ECO:0000269|PubMed:10644713, ECO:0000269|PubMed:16175601, ECO:0000269|PubMed:17105646, ECO:0000269|PubMed:20707604, ECO:0000269|PubMed:24371721, ECO:0000269|PubMed:7911242}.	1Z68;6Y0F;	"TRANSMEM 5..25; /note=""Helical; Signal-anchor for type II membrane protein""; /evidence=""ECO:0000255"""	SUBCELLULAR LOCATION: [Prolyl endopeptidase FAP]: Cell surface {ECO:0000269|PubMed:10593948, ECO:0000269|PubMed:16175601, ECO:0000269|PubMed:17105646, ECO:0000269|PubMed:24717288, ECO:0000269|PubMed:7911242}. Cell membrane {ECO:0000269|PubMed:12376466, ECO:0000269|PubMed:16651416, ECO:0000269|PubMed:9065413, ECO:0000303|PubMed:10455171}; Single-pass type II membrane protein {ECO:0000255}. Cell projection, lamellipodium membrane {ECO:0000269|PubMed:16651416, ECO:0000269|PubMed:9065413}; Single-pass type II membrane protein {ECO:0000255}. Cell projection, invadopodium membrane {ECO:0000269|PubMed:12376466, ECO:0000269|PubMed:16651416, ECO:0000269|PubMed:7923219, ECO:0000269|PubMed:9065413, ECO:0000303|PubMed:10455171}; Single-pass type II membrane protein {ECO:0000255}. Cell projection, ruffle membrane {ECO:0000303|PubMed:10455171}; Single-pass type II membrane protein {ECO:0000255}. Membrane {ECO:0000269|PubMed:2172980}; Single-pass type II membrane protein {ECO:0000255}. Note=Localized on cell surface with lamellipodia and invadopodia membranes and on shed vesicles. Colocalized with DPP4 at invadopodia and lamellipodia membranes of migratory activated endothelial cells in collagenous matrix. Colocalized with DPP4 on endothelial cells of capillary-like microvessels but not large vessels within invasive breast ductal carcinoma. Anchored and enriched preferentially by integrin alpha-3/beta-1 at invadopodia, plasma membrane protrusions that correspond to sites of cell invasion, in a collagen-dependent manner. Localized at plasma and ruffle membranes in a collagen-independent manner. Colocalized with PLAUR preferentially at the cell surface of invadopodia membranes in a cytoskeleton-, integrin- and vitronectin-dependent manner. Concentrated at invadopodia membranes, specialized protrusions of the ventral plasma membrane in a fibrobectin-dependent manner. Colocalizes with extracellular components (ECM), such as collagen fibers and fibronectin. {ECO:0000269|PubMed:10593948, ECO:0000269|PubMed:12376466, ECO:0000269|PubMed:16175601, ECO:0000269|PubMed:16651416, ECO:0000269|PubMed:17105646, ECO:0000269|PubMed:2172980, ECO:0000269|PubMed:24717288, ECO:0000269|PubMed:7911242, ECO:0000269|PubMed:7923219, ECO:0000269|PubMed:9065413, ECO:0000303|PubMed:10455171}.; SUBCELLULAR LOCATION: [Antiplasmin-cleaving enzyme FAP, soluble form]: Secreted {ECO:0000269|PubMed:14751930, ECO:0000269|PubMed:16223769, ECO:0000269|PubMed:24371721}. Note=Found in blood plasma and serum. {ECO:0000269|PubMed:14751930, ECO:0000269|PubMed:16223769, ECO:0000269|PubMed:24371721}.; SUBCELLULAR LOCATION: [Isoform 2]: Cytoplasm {ECO:0000303|PubMed:10644713}.
Q12913	reviewed	PTPRJ_HUMAN	Receptor-type tyrosine-protein phosphatase eta (Protein-tyrosine phosphatase eta) (R-PTP-eta) (EC 3.1.3.48) (Density-enhanced phosphatase 1) (DEP-1) (HPTP eta) (Protein-tyrosine phosphatase receptor type J) (R-PTP-J) (CD antigen CD148)	PTPRJ DEP1	Homo sapiens (Human)	1337	TISSUE SPECIFICITY: Expressed in the promyelocytic cell line HL-60, the granulocyte-macrophage colony-stimulating factor-dependent leukemic cell line F-36P, and the IL3 and erythropoietin-dependent leukemic cell line F-36E. Expressed predominantly in epithelial cells and lymphocytes. Enhanced expression at high cell density. {ECO:0000269|PubMed:12370829, ECO:0000269|PubMed:8483328, ECO:0000269|PubMed:9531590}.; TISSUE SPECIFICITY: [Isoform 2]: Expressed in the brain. {ECO:0000269|PubMed:28052032}.	2CFV;2DLE;2NZ6;7U01;7U08;	"TRANSMEM 976..996; /note=""Helical""; /evidence=""ECO:0000255"""	SUBCELLULAR LOCATION: Cell membrane; Single-pass type I membrane protein. Cell projection, ruffle membrane {ECO:0000250}. Cell junction. Note=After T-cell stimulation, it is temporarily excluded from immunological synapses.; SUBCELLULAR LOCATION: [Isoform 2]: Secreted, extracellular space {ECO:0000269|PubMed:28052032}.
Q13018	reviewed	PLA2R_HUMAN	Secretory phospholipase A2 receptor (PLA2-R) (PLA2R) (180 kDa secretory phospholipase A2 receptor) (C-type lectin domain family 13 member C) (M-type receptor) [Cleaved into: Soluble secretory phospholipase A2 receptor (Soluble PLA2-R) (Soluble PLA2R)]	PLA2R1 CLEC13C	Homo sapiens (Human)	1463	TISSUE SPECIFICITY: Expressed in podocytes (at protein level) (PubMed:25335547). Present in lung macrophage (at protein level). Highly expressed in kidney. Also expressed in pancreas, amnion, choriodecidua and placenta. Isoform 2 is expressed at much lower level. {ECO:0000269|PubMed:15611272, ECO:0000269|PubMed:25335547, ECO:0000269|PubMed:7721806, ECO:0000269|PubMed:7925459, ECO:0000269|PubMed:9481783}.	6JLI;7QSR;	"TRANSMEM 1398..1418; /note=""Helical""; /evidence=""ECO:0000255"""	SUBCELLULAR LOCATION: Cell membrane {ECO:0000250}; Single-pass type I membrane protein {ECO:0000250}.; SUBCELLULAR LOCATION: [Soluble secretory phospholipase A2 receptor]: Secreted {ECO:0000250}.; SUBCELLULAR LOCATION: [Isoform 2]: Secreted {ECO:0000305}.
Q13201	reviewed	MMRN1_HUMAN	Multimerin-1 (EMILIN-4) (Elastin microfibril interface located protein 4) (Elastin microfibril interfacer 4) (Endothelial cell multimerin) [Cleaved into: Platelet glycoprotein Ia*; 155 kDa platelet multimerin (p-155) (p155)]	MMRN1 ECM EMILIN4 GPIA* MMRN	Homo sapiens (Human)	1228	TISSUE SPECIFICITY: Synthesized by endothelial cells and megakaryocytes. Stored in platelet alpha granules and endothelial cell Weibel-Palade bodies, following activation of these cells, it is released and attached to megakaryocytes, platelets, endothelium and subendothelium of blood vessels. Not found in plasma. Found in vascular tissues such as placenta, lung, and liver. {ECO:0000269|PubMed:7629143, ECO:0000269|PubMed:8514871}.			SUBCELLULAR LOCATION: Secreted {ECO:0000269|PubMed:38237698, ECO:0000269|PubMed:39775168}. Note=O-fucosylation of Thr-216 and Thr-1055 is important for protein secretion. {ECO:0000269|PubMed:38237698, ECO:0000269|PubMed:39775168}.
Q6ZMC9	reviewed	SIG15_HUMAN	Sialic acid-binding Ig-like lectin 15 (Siglec-15) (CD33 antigen-like 3)	SIGLEC15 CD33L3	Homo sapiens (Human)	328	TISSUE SPECIFICITY: Expressed in macrophage and/or dendritic cells of spleen and lymph nodes.	7ZOZ;	"TRANSMEM 264..284; /note=""Helical""; /evidence=""ECO:0000255"""	SUBCELLULAR LOCATION: Membrane; Single-pass type I membrane protein.
Q8NHL6	reviewed	LIRB1_HUMAN	Leukocyte immunoglobulin-like receptor subfamily B member 1 (LIR-1) (Leukocyte immunoglobulin-like receptor 1) (CD85 antigen-like family member J) (Immunoglobulin-like transcript 2) (ILT-2) (Monocyte/macrophage immunoglobulin-like receptor 7) (MIR-7) (CD antigen CD85j)	LILRB1 ILT2 LIR1 MIR7	Homo sapiens (Human)	650	TISSUE SPECIFICITY: Expressed in B cells, monocytes and various dendritic cell (DC) subsets including myeloid, plasmacytoid and tolerogenic DCs (at protein level) (PubMed:20448110, PubMed:24453251, PubMed:9285411, PubMed:9842885). Expressed in decidual macrophages (at protein level) (PubMed:19304799). Expressed in decidual NK cells (at protein level) (PubMed:29262349). {ECO:0000269|PubMed:19304799, ECO:0000269|PubMed:20448110, ECO:0000269|PubMed:24453251, ECO:0000269|PubMed:29262349, ECO:0000269|PubMed:9285411, ECO:0000269|PubMed:9842885}.	1G0X;1P7Q;1UFU;1UGN;1VDG;3D2U;4LL9;4NO0;5KNM;6AEE;6EWA;6EWC;6EWO;6K60;6ZDX;7KFK;	"TRANSMEM 462..482; /note=""Helical""; /evidence=""ECO:0000255"""	SUBCELLULAR LOCATION: Cell membrane {ECO:0000269|PubMed:20448110, ECO:0000269|PubMed:24453251, ECO:0000269|PubMed:29262349, ECO:0000305|PubMed:19658091}; Single-pass type I membrane protein {ECO:0000255}.; SUBCELLULAR LOCATION: [Isoform 5]: Secreted {ECO:0000269|PubMed:19658091}.
Q93033	reviewed	IGSF2_HUMAN	Immunoglobulin superfamily member 2 (IgSF2) (Cell surface glycoprotein V7) (Glu-Trp-Ile EWI motif-containing protein 101) (EWI-101) (CD antigen CD101)	CD101 EWI101 IGSF2 V7	Homo sapiens (Human)	1021	TISSUE SPECIFICITY: Expressed in lung, thymus and small intestine. Detected in cutaneous dendritic cells, activated T-cells, monocytes and granulocytes as well as with epithelial cells with dendritic morphology. Expressed in some leukemic cells, the CD4(+) CD56(+) blastic tumor cells, as well as in Langerhans cells from LCH (Langerhans cell histiocytosis) patients. {ECO:0000269|PubMed:10692025, ECO:0000269|PubMed:15737213, ECO:0000269|PubMed:7722299, ECO:0000269|PubMed:7722300, ECO:0000269|PubMed:9389317}.		"TRANSMEM 955..975; /note=""Helical""; /evidence=""ECO:0000255"""	SUBCELLULAR LOCATION: Membrane {ECO:0000305}; Single-pass type I membrane protein {ECO:0000305}.
Q99650	reviewed	OSMR_HUMAN	Oncostatin-M-specific receptor subunit beta (Interleukin-31 receptor subunit beta) (IL-31 receptor subunit beta) (IL-31R subunit beta) (IL-31R-beta) (IL-31RB)	OSMR OSMRB	Homo sapiens (Human)	979	TISSUE SPECIFICITY: Expressed in keratinocytes (at protein level) (PubMed:21261663). Expressed at relatively high levels in all neural cells as well as fibroblast and epithelial cells (PubMed:8999038). {ECO:0000269|PubMed:21261663, ECO:0000269|PubMed:8999038}.		"TRANSMEM 741..761; /note=""Helical""; /evidence=""ECO:0000255"""	SUBCELLULAR LOCATION: Membrane {ECO:0000305}; Single-pass type I membrane protein {ECO:0000305}.
Q9NR16	reviewed	C163B_HUMAN	Scavenger receptor cysteine-rich type 1 protein M160 (CD163 antigen-like 1) (CD antigen CD163b)	CD163L1 CD163B M160 UNQ6434/PRO23202	Homo sapiens (Human)	1453	TISSUE SPECIFICITY: Isoform 1 is highly expressed in the spleen, lymph nodes, thymus, and fetal liver and weakly expressed in bone marrow and no expression was found in peripheral blood leukocytes. Isoform 1 expression is restricted to the monocyte and macrophage cell lines. Isoform 2 is only expressed in spleen. {ECO:0000269|PubMed:11086079}.	6K0O;	"TRANSMEM 1360..1380; /note=""Helical""; /evidence=""ECO:0000255"""	SUBCELLULAR LOCATION: [Isoform 1]: Cell membrane {ECO:0000305}; Single-pass type I membrane protein {ECO:0000305}.; SUBCELLULAR LOCATION: [Isoform 2]: Cell membrane {ECO:0000305}; Single-pass type I membrane protein {ECO:0000305}.; SUBCELLULAR LOCATION: [Isoform 3]: Secreted {ECO:0000305}.
Q9UBH0	reviewed	I36RA_HUMAN	Interleukin-36 receptor antagonist protein (IL-36Ra) (FIL1 delta) (IL-1-related protein 3) (IL-1RP3) (Interleukin-1 HY1) (IL-1HY1) (Interleukin-1 delta) (IL-1 delta) (Interleukin-1 family member 5) (IL-1F5) (Interleukin-1 receptor antagonist homolog 1) (IL-1ra homolog 1) (Interleukin-1-like protein 1) (IL-1L1)	IL36RN FIL1D IL1F5 IL1HY1 IL1L1 IL1RP3 UNQ1896/PRO4342	Homo sapiens (Human)	155	TISSUE SPECIFICITY: Predominantly expressed in skin keratinocytes but not in fibroblasts, endothelial cells or melanocytes. Detected also in the spleen, brain leukocyte and macrophage cell types. Increased in lesional psoriasis skin. {ECO:0000269|PubMed:11466363}.	4P0J;4P0K;4P0L;		SUBCELLULAR LOCATION: Cytoplasm {ECO:0000269|PubMed:32272059}. Secreted {ECO:0000269|PubMed:32272059}. Note=The secretion is dependent on protein unfolding and facilitated by the cargo receptor TMED10; it results in protein translocation from the cytoplasm into the ERGIC (endoplasmic reticulum-Golgi intermediate compartment) followed by vesicle entry and secretion. {ECO:0000269|PubMed:32272059}.
Q9UGM3	reviewed	DMBT1_HUMAN	Scavenger receptor cysteine-rich domain-containing protein DMBT1 (Deleted in malignant brain tumors 1 protein) (Glycoprotein 340) (Gp-340) (Hensin) (Salivary agglutinin) (SAG) (Surfactant pulmonary-associated D-binding protein)	DMBT1 GP340	Homo sapiens (Human)	2413	TISSUE SPECIFICITY: Highly expressed in alveolar and macrophage tissues. In some macrophages, expression is seen on the membrane, and in other macrophages, strongly expressed in the phagosome/phagolysosome compartments. Expressed in lung, trachea, salivary gland, small intestine and stomach. In pancreas, expressed in certain cells of the islets of Langerhans. In digestive tract, confined to tissues with large epithelial surfaces. In intestinal tissue, moderately expressed in epithelial cells of the midcrypts and the crypt base. Expression is significantly elevated in intestinal tissue from patients with inflammatory bowel disease (IBD), particularly in surface epithelial and Paneth cells, but not in IBD patients with mutant NOD2. Present in crypt bases of the duodenum, in crypt tops of the colon, and in collecting ducts of the cortical kidney. Expressed in stratified squamous epithelium of vagina and in outer luminar surface and basilar region of columnar epithelial cells in cervix (at protein level). Isoform 1 is secreted to the lumen of the respiratory tract. {ECO:0000269|PubMed:10485905, ECO:0000269|PubMed:10749143, ECO:0000269|PubMed:11751412, ECO:0000269|PubMed:16796526, ECO:0000269|PubMed:17548659, ECO:0000269|PubMed:17983803, ECO:0000269|PubMed:9288095}.	6SA4;6SA5;6SAN;8J8D;8J8T;8WZS;		SUBCELLULAR LOCATION: Secreted {ECO:0000250}. Note=Some isoforms may be membrane-bound. Localized to the lumenal aspect of crypt cells in the small intestine. In the colon, seen in the lumenal aspect of surface epithelial cells. Formed in the ducts of von Ebner gland, and released into the fluid bathing the taste buds contained in the taste papillae (By similarity). {ECO:0000250}.
Q9UNE0	reviewed	EDAR_HUMAN	Tumor necrosis factor receptor superfamily member EDAR (Anhidrotic ectodysplasin receptor 1) (Downless homolog) (EDA-A1 receptor) (Ectodermal dysplasia receptor) (Ectodysplasin-A receptor)	EDAR DL	Homo sapiens (Human)	448	TISSUE SPECIFICITY: Detected in fetal kidney, lung, skin and cultured neonatal epidermal keratinocytes. Not detected in lymphoblast and fibroblast cell lines.	7X9G;	"TRANSMEM 188..208; /note=""Helical""; /evidence=""ECO:0000255"""	SUBCELLULAR LOCATION: Membrane {ECO:0000305}; Single-pass type I membrane protein {ECO:0000305}.
Q9UQP3	reviewed	TENN_HUMAN	Tenascin-N (TN-N) (Tenascin-W) (TN-W)	TNN TNW	Homo sapiens (Human)	1299	TISSUE SPECIFICITY: Not detected in normal adult mammary tissues or brain but expressed in most breast tumors and brain tumors, such as glioblastomas, astrocytomas and oligodendrogliomas, tested (PubMed:17909022, PubMed:19884327). In brain tumors, detected around the endothelial cell layer of the clood vessels (PubMed:19884327). {ECO:0000269|PubMed:17909022, ECO:0000269|PubMed:19884327}.			SUBCELLULAR LOCATION: Secreted, extracellular space, extracellular matrix {ECO:0000269|PubMed:19884327}.
A6NMB1	reviewed	SIG16_HUMAN	Sialic acid-binding Ig-like lectin 16 (Siglec-16) (Siglec-P16)	SIGLEC16 SIGLECP16	Homo sapiens (Human)	481	TISSUE SPECIFICITY: Expressed in bone marrow, fetal brain, fetal liver, lung and salivary gland. Detected in brain, macrophage, cancerous esophagus and lung at protein level. {ECO:0000269|PubMed:18629938}.		"TRANSMEM 435..455; /note=""Helical""; /evidence=""ECO:0000255"""	SUBCELLULAR LOCATION: Membrane {ECO:0000269|PubMed:18629938}; Single-pass type I membrane protein {ECO:0000269|PubMed:18629938}.
Q8NFW1	reviewed	COMA1_HUMAN	Collagen alpha-1(XXII) chain	COL22A1	Homo sapiens (Human)	1626	TISSUE SPECIFICITY: Restrictive expression is observed at tissue junctions such as the myotendinous junction in skeletal and heart muscle, the articular cartilage-synovial fluid junction, or the border between the anagen hair follicle and the dermis in the skin. It is deposited in the basement membrane zone of the myotendinous junction and the hair follicle and associated with the extrafibrillar matrix in cartilage. {ECO:0000269|PubMed:15016833}.			SUBCELLULAR LOCATION: Secreted, extracellular space, extracellular matrix. Cytoplasm {ECO:0000250}.
P0DP73	reviewed	D130B_HUMAN	Beta-defensin 130B	DEFB130B	Homo sapiens (Human)	79	TISSUE SPECIFICITY: Expressed on differentiated macrophage phagocytizing plasmodium falciparum-parasitized erythrocytes. {ECO:0000269|PubMed:28181499}.			SUBCELLULAR LOCATION: Secreted {ECO:0000305}.
P0DP74	reviewed	D130A_HUMAN	Beta-defensin 130A (Beta-defensin 130) (Beta-defensin 30) (DEFB-30) (Defensin, beta 130)	DEFB130A DEFB130 DEFB30	Homo sapiens (Human)	79	TISSUE SPECIFICITY: Expressed on differentiated macrophage phagocytizing plasmodium falciparum-parasitized erythrocytes. {ECO:0000269|PubMed:28181499}.			SUBCELLULAR LOCATION: Secreted {ECO:0000305}.
Q6ZN68	reviewed	D19P2_HUMAN	Putative C-mannosyltransferase DPY19L2P2 (EC 2.4.1.-) (Dpy-19-like protein 2 pseudogene 2) (Protein dpy-19 homolog 2-like 2)	DPY19L2P2	Homo sapiens (Human)	376	TISSUE SPECIFICITY: Fibroblast, lung, lymphoblast, spleen and testis. {ECO:0000269|PubMed:16526957}.		"TRANSMEM 52..72; /note=""Helical""; /evidence=""ECO:0000255""; TRANSMEM 107..127; /note=""Helical""; /evidence=""ECO:0000255""; TRANSMEM 154..174; /note=""Helical""; /evidence=""ECO:0000255""; TRANSMEM 182..202; /note=""Helical""; /evidence=""ECO:0000255""; TRANSMEM 233..253; /note=""Helical""; /evidence=""ECO:0000255""; TRANSMEM 299..319; /note=""Helical""; /evidence=""ECO:0000255"""	SUBCELLULAR LOCATION: Membrane {ECO:0000305}; Multi-pass membrane protein {ECO:0000305}.
